Date_ID,Machine_ID,Shift,Product_ID,Planned_Runtime_Min,Actual_Runtime_Min,Produced_Qty,Defect_Qty
20260101,MCH-001,Shift 1,PRD-003,480,447,1446,4
20260101,MCH-001,Shift 2,PRD-001,480,414,771,12
20260101,MCH-001,Shift 3,PRD-001,480,318,619,45
20260101,MCH-002,Shift 1,PRD-001,480,472,874,17
20260101,MCH-002,Shift 2,PRD-003,480,468,1505,124
20260101,MCH-002,Shift 3,PRD-004,480,434,986,42
20260101,MCH-003,Shift 1,PRD-004,480,225,550,3
20260101,MCH-003,Shift 2,PRD-003,480,476,1411,9
20260101,MCH-003,Shift 3,PRD-003,480,456,1482,138
20260101,MCH-004,Shift 1,PRD-002,480,266,338,2
20260101,MCH-004,Shift 2,PRD-003,480,459,1503,16
20260101,MCH-004,Shift 3,PRD-004,480,399,937,32
20260101,MCH-005,Shift 1,PRD-003,480,445,1335,23
20260101,MCH-005,Shift 2,PRD-002,480,381,443,0
20260101,MCH-005,Shift 3,PRD-002,480,445,561,14
20260102,MCH-001,Shift 1,PRD-004,480,452,1137,1
20260102,MCH-001,Shift 2,PRD-004,480,472,1124,2
20260102,MCH-001,Shift 3,PRD-004,480,413,948,40
20260102,MCH-002,Shift 1,PRD-004,480,455,1053,43
20260102,MCH-002,Shift 2,PRD-002,480,475,632,2
20260102,MCH-002,Shift 3,PRD-002,480,335,424,4
20260102,MCH-003,Shift 1,PRD-003,480,468,1600,43
20260102,MCH-003,Shift 2,PRD-004,480,419,1111,1
20260102,MCH-003,Shift 3,PRD-002,480,389,508,4
20260102,MCH-004,Shift 1,PRD-001,480,402,726,4
20260102,MCH-004,Shift 2,PRD-004,480,471,1168,15
20260102,MCH-004,Shift 3,PRD-001,480,477,908,21
20260102,MCH-005,Shift 1,PRD-002,480,301,387,12
20260102,MCH-005,Shift 2,PRD-001,480,421,855,2
20260102,MCH-005,Shift 3,PRD-002,480,465,573,2
20260103,MCH-001,Shift 1,PRD-002,480,477,608,11
20260103,MCH-001,Shift 2,PRD-001,480,166,308,0
20260103,MCH-001,Shift 3,PRD-003,480,463,1446,69
20260103,MCH-002,Shift 1,PRD-004,480,256,619,12
20260103,MCH-002,Shift 2,PRD-003,480,454,1368,6
20260103,MCH-002,Shift 3,PRD-001,480,468,865,18
20260103,MCH-003,Shift 1,PRD-004,480,381,968,32
20260103,MCH-003,Shift 2,PRD-001,480,413,823,33
20260103,MCH-003,Shift 3,PRD-004,480,470,1096,21
20260103,MCH-004,Shift 1,PRD-002,480,464,639,1
20260103,MCH-004,Shift 2,PRD-003,480,478,1629,35
20260103,MCH-004,Shift 3,PRD-001,480,438,839,57
20260103,MCH-005,Shift 1,PRD-004,480,426,1074,9
20260103,MCH-005,Shift 2,PRD-001,480,475,891,46
20260103,MCH-005,Shift 3,PRD-001,480,460,804,36
20260104,MCH-001,Shift 1,PRD-004,480,452,1075,137
20260104,MCH-001,Shift 2,PRD-004,480,460,1047,11
20260104,MCH-001,Shift 3,PRD-004,480,422,1017,150
20260104,MCH-002,Shift 1,PRD-001,480,466,936,35
20260104,MCH-002,Shift 2,PRD-001,480,476,870,47
20260104,MCH-002,Shift 3,PRD-001,480,472,863,110
20260104,MCH-003,Shift 1,PRD-003,480,458,1575,12
20260104,MCH-003,Shift 2,PRD-003,480,449,1433,28
20260104,MCH-003,Shift 3,PRD-003,480,431,1406,3
20260104,MCH-004,Shift 1,PRD-002,480,263,317,2
20260104,MCH-004,Shift 2,PRD-003,480,467,1420,193
20260104,MCH-004,Shift 3,PRD-004,480,478,1032,2
20260104,MCH-005,Shift 1,PRD-003,480,397,1268,4
20260104,MCH-005,Shift 2,PRD-003,480,469,1596,4
20260104,MCH-005,Shift 3,PRD-003,480,476,1568,194
20260105,MCH-001,Shift 1,PRD-003,480,457,1425,40
20260105,MCH-001,Shift 2,PRD-004,480,469,1161,22
20260105,MCH-001,Shift 3,PRD-001,480,187,352,0
20260105,MCH-002,Shift 1,PRD-004,480,466,1117,4
20260105,MCH-002,Shift 2,PRD-001,480,430,878,19
20260105,MCH-002,Shift 3,PRD-002,480,473,582,41
20260105,MCH-003,Shift 1,PRD-001,480,479,920,1
20260105,MCH-003,Shift 2,PRD-004,480,474,1129,41
20260105,MCH-003,Shift 3,PRD-001,480,474,924,14
20260105,MCH-004,Shift 1,PRD-004,480,465,1153,6
20260105,MCH-004,Shift 2,PRD-003,480,450,1428,4
20260105,MCH-004,Shift 3,PRD-001,480,401,747,77
20260105,MCH-005,Shift 1,PRD-002,480,463,585,6
20260105,MCH-005,Shift 2,PRD-004,480,431,1041,6
20260105,MCH-005,Shift 3,PRD-002,480,465,572,10
20260106,MCH-001,Shift 1,PRD-004,480,401,962,12
20260106,MCH-001,Shift 2,PRD-004,480,472,1098,24
20260106,MCH-001,Shift 3,PRD-001,480,208,409,4
20260106,MCH-002,Shift 1,PRD-002,480,413,540,4
20260106,MCH-002,Shift 2,PRD-003,480,479,1499,179
20260106,MCH-002,Shift 3,PRD-001,480,421,745,19
20260106,MCH-003,Shift 1,PRD-001,480,458,794,3
20260106,MCH-003,Shift 2,PRD-001,480,417,786,2
20260106,MCH-003,Shift 3,PRD-004,480,398,896,4
20260106,MCH-004,Shift 1,PRD-004,480,432,987,43
20260106,MCH-004,Shift 2,PRD-003,480,467,1525,29
20260106,MCH-004,Shift 3,PRD-004,480,364,873,23
20260106,MCH-005,Shift 1,PRD-001,480,472,897,68
20260106,MCH-005,Shift 2,PRD-001,480,463,930,6
20260106,MCH-005,Shift 3,PRD-003,480,453,1323,1
20260107,MCH-001,Shift 1,PRD-003,480,439,1460,4
20260107,MCH-001,Shift 2,PRD-002,480,471,596,5
20260107,MCH-001,Shift 3,PRD-001,480,429,769,0
20260107,MCH-002,Shift 1,PRD-002,480,465,587,8
20260107,MCH-002,Shift 2,PRD-004,480,457,1116,1
20260107,MCH-002,Shift 3,PRD-004,480,418,1026,23
20260107,MCH-003,Shift 1,PRD-004,480,437,995,17
20260107,MCH-003,Shift 2,PRD-004,480,474,1185,10
20260107,MCH-003,Shift 3,PRD-001,480,466,916,0
20260107,MCH-004,Shift 1,PRD-002,480,393,523,7
20260107,MCH-004,Shift 2,PRD-004,480,464,1031,33
20260107,MCH-004,Shift 3,PRD-004,480,362,915,59
20260107,MCH-005,Shift 1,PRD-003,480,453,1437,7
20260107,MCH-005,Shift 2,PRD-002,480,472,611,0
20260107,MCH-005,Shift 3,PRD-001,480,474,918,11
20260108,MCH-001,Shift 1,PRD-001,480,452,836,51
20260108,MCH-001,Shift 2,PRD-001,480,470,885,2
20260108,MCH-001,Shift 3,PRD-001,480,454,906,19
20260108,MCH-002,Shift 1,PRD-001,480,471,960,51
20260108,MCH-002,Shift 2,PRD-003,480,472,1484,38
20260108,MCH-002,Shift 3,PRD-004,480,475,1144,96
20260108,MCH-003,Shift 1,PRD-004,480,411,972,48
20260108,MCH-003,Shift 2,PRD-004,480,474,1096,1
20260108,MCH-003,Shift 3,PRD-002,480,416,535,0
20260108,MCH-004,Shift 1,PRD-003,480,473,1543,10
20260108,MCH-004,Shift 2,PRD-003,480,455,1480,30
20260108,MCH-004,Shift 3,PRD-001,480,417,773,12
20260108,MCH-005,Shift 1,PRD-003,480,472,1539,39
20260108,MCH-005,Shift 2,PRD-004,480,474,1113,7
20260108,MCH-005,Shift 3,PRD-002,480,471,585,1
20260109,MCH-001,Shift 1,PRD-002,480,428,559,62
20260109,MCH-001,Shift 2,PRD-004,480,206,471,55
20260109,MCH-001,Shift 3,PRD-002,480,452,585,3
20260109,MCH-002,Shift 1,PRD-004,480,445,1061,11
20260109,MCH-002,Shift 2,PRD-001,480,450,811,7
20260109,MCH-002,Shift 3,PRD-001,480,443,902,86
20260109,MCH-003,Shift 1,PRD-003,480,462,1416,15
20260109,MCH-003,Shift 2,PRD-001,480,466,827,8
20260109,MCH-003,Shift 3,PRD-002,480,470,623,3
20260109,MCH-004,Shift 1,PRD-004,480,467,1107,37
20260109,MCH-004,Shift 2,PRD-004,480,458,1128,17
20260109,MCH-004,Shift 3,PRD-004,480,459,993,10
20260109,MCH-005,Shift 1,PRD-003,480,460,1363,47
20260109,MCH-005,Shift 2,PRD-003,480,472,1540,3
20260109,MCH-005,Shift 3,PRD-001,480,466,914,13
20260110,MCH-001,Shift 1,PRD-002,480,479,582,35
20260110,MCH-001,Shift 2,PRD-004,480,469,1086,6
20260110,MCH-001,Shift 3,PRD-003,480,479,1587,28
20260110,MCH-002,Shift 1,PRD-001,480,433,855,2
20260110,MCH-002,Shift 2,PRD-002,480,448,584,17
20260110,MCH-002,Shift 3,PRD-002,480,439,583,8
20260110,MCH-003,Shift 1,PRD-002,480,429,527,15
20260110,MCH-003,Shift 2,PRD-002,480,455,580,17
20260110,MCH-003,Shift 3,PRD-004,480,427,1006,12
20260110,MCH-004,Shift 1,PRD-004,480,456,1092,40
20260110,MCH-004,Shift 2,PRD-003,480,475,1466,8
20260110,MCH-004,Shift 3,PRD-004,480,479,1028,15
20260110,MCH-005,Shift 1,PRD-001,480,420,823,30
20260110,MCH-005,Shift 2,PRD-002,480,464,604,8
20260110,MCH-005,Shift 3,PRD-001,480,448,831,13
20260111,MCH-001,Shift 1,PRD-003,480,467,1536,66
20260111,MCH-001,Shift 2,PRD-004,480,431,976,1
20260111,MCH-001,Shift 3,PRD-002,480,468,597,71
20260111,MCH-002,Shift 1,PRD-002,480,446,567,2
20260111,MCH-002,Shift 2,PRD-001,480,201,362,0
20260111,MCH-002,Shift 3,PRD-002,480,413,524,0
20260111,MCH-003,Shift 1,PRD-001,480,477,1000,9
20260111,MCH-003,Shift 2,PRD-001,480,458,884,8
20260111,MCH-003,Shift 3,PRD-001,480,456,776,2
20260111,MCH-004,Shift 1,PRD-002,480,469,568,9
20260111,MCH-004,Shift 2,PRD-001,480,471,886,32
20260111,MCH-004,Shift 3,PRD-002,480,479,608,6
20260111,MCH-005,Shift 1,PRD-002,480,259,336,1
20260111,MCH-005,Shift 2,PRD-002,480,476,587,0
20260111,MCH-005,Shift 3,PRD-003,480,472,1447,14
20260112,MCH-001,Shift 1,PRD-003,480,465,1526,14
20260112,MCH-001,Shift 2,PRD-002,480,473,633,92
20260112,MCH-001,Shift 3,PRD-001,480,452,815,21
20260112,MCH-002,Shift 1,PRD-001,480,411,791,100
20260112,MCH-002,Shift 2,PRD-002,480,402,539,9
20260112,MCH-002,Shift 3,PRD-004,480,388,916,100
20260112,MCH-003,Shift 1,PRD-004,480,471,1150,3
20260112,MCH-003,Shift 2,PRD-002,480,402,506,34
20260112,MCH-003,Shift 3,PRD-003,480,421,1336,34
20260112,MCH-004,Shift 1,PRD-004,480,465,1062,62
20260112,MCH-004,Shift 2,PRD-003,480,445,1427,66
20260112,MCH-004,Shift 3,PRD-001,480,478,969,27
20260112,MCH-005,Shift 1,PRD-001,480,439,877,13
20260112,MCH-005,Shift 2,PRD-004,480,475,1139,18
20260112,MCH-005,Shift 3,PRD-004,480,382,956,16
20260113,MCH-001,Shift 1,PRD-003,480,463,1524,0
20260113,MCH-001,Shift 2,PRD-001,480,468,916,8
20260113,MCH-001,Shift 3,PRD-004,480,178,434,18
20260113,MCH-002,Shift 1,PRD-003,480,443,1524,41
20260113,MCH-002,Shift 2,PRD-004,480,452,1009,2
20260113,MCH-002,Shift 3,PRD-001,480,474,907,16
20260113,MCH-003,Shift 1,PRD-003,480,474,1556,33
20260113,MCH-003,Shift 2,PRD-003,480,473,1530,21
20260113,MCH-003,Shift 3,PRD-004,480,478,1142,145
20260113,MCH-004,Shift 1,PRD-002,480,467,585,15
20260113,MCH-004,Shift 2,PRD-001,480,478,889,33
20260113,MCH-004,Shift 3,PRD-003,480,452,1473,15
20260113,MCH-005,Shift 1,PRD-001,480,444,843,64
20260113,MCH-005,Shift 2,PRD-001,480,469,898,1
20260113,MCH-005,Shift 3,PRD-002,480,459,586,13
20260114,MCH-001,Shift 1,PRD-002,480,467,573,18
20260114,MCH-001,Shift 2,PRD-004,480,420,1058,2
20260114,MCH-001,Shift 3,PRD-004,480,472,1162,16
20260114,MCH-002,Shift 1,PRD-004,480,446,1012,6
20260114,MCH-002,Shift 2,PRD-003,480,451,1487,51
20260114,MCH-002,Shift 3,PRD-002,480,478,572,16
20260114,MCH-003,Shift 1,PRD-003,480,437,1379,28
20260114,MCH-003,Shift 2,PRD-004,480,302,728,6
20260114,MCH-003,Shift 3,PRD-002,480,428,572,5
20260114,MCH-004,Shift 1,PRD-003,480,476,1573,45
20260114,MCH-004,Shift 2,PRD-003,480,459,1447,24
20260114,MCH-004,Shift 3,PRD-004,480,442,1019,90
20260114,MCH-005,Shift 1,PRD-001,480,396,775,4
20260114,MCH-005,Shift 2,PRD-003,480,456,1357,0
20260114,MCH-005,Shift 3,PRD-002,480,468,605,44
20260115,MCH-001,Shift 1,PRD-003,480,460,1514,158
20260115,MCH-001,Shift 2,PRD-004,480,449,1113,56
20260115,MCH-001,Shift 3,PRD-001,480,439,789,5
20260115,MCH-002,Shift 1,PRD-001,480,478,872,38
20260115,MCH-002,Shift 2,PRD-001,480,472,892,18
20260115,MCH-002,Shift 3,PRD-004,480,466,1126,29
20260115,MCH-003,Shift 1,PRD-003,480,478,1499,18
20260115,MCH-003,Shift 2,PRD-003,480,453,1439,0
20260115,MCH-003,Shift 3,PRD-003,480,459,1500,53
20260115,MCH-004,Shift 1,PRD-001,480,466,884,69
20260115,MCH-004,Shift 2,PRD-002,480,413,498,11
20260115,MCH-004,Shift 3,PRD-001,480,438,888,7
20260115,MCH-005,Shift 1,PRD-002,480,417,509,8
20260115,MCH-005,Shift 2,PRD-003,480,479,1530,34
20260115,MCH-005,Shift 3,PRD-002,480,442,562,8
20260116,MCH-001,Shift 1,PRD-002,480,470,619,6
20260116,MCH-001,Shift 2,PRD-003,480,473,1506,2
20260116,MCH-001,Shift 3,PRD-004,480,439,999,9
20260116,MCH-002,Shift 1,PRD-004,480,479,1036,35
20260116,MCH-002,Shift 2,PRD-004,480,394,903,0
20260116,MCH-002,Shift 3,PRD-003,480,471,1400,13
20260116,MCH-003,Shift 1,PRD-002,480,428,506,9
20260116,MCH-003,Shift 2,PRD-001,480,407,777,10
20260116,MCH-003,Shift 3,PRD-001,480,459,832,15
20260116,MCH-004,Shift 1,PRD-003,480,469,1538,45
20260116,MCH-004,Shift 2,PRD-002,480,385,493,1
20260116,MCH-004,Shift 3,PRD-004,480,478,1116,30
20260116,MCH-005,Shift 1,PRD-003,480,470,1451,16
20260116,MCH-005,Shift 2,PRD-003,480,450,1482,146
20260116,MCH-005,Shift 3,PRD-001,480,478,930,104
20260117,MCH-001,Shift 1,PRD-001,480,449,869,72
20260117,MCH-001,Shift 2,PRD-002,480,285,368,9
20260117,MCH-001,Shift 3,PRD-004,480,476,1137,0
20260117,MCH-002,Shift 1,PRD-004,480,441,963,12
20260117,MCH-002,Shift 2,PRD-004,480,435,1030,3
20260117,MCH-002,Shift 3,PRD-002,480,464,589,5
20260117,MCH-003,Shift 1,PRD-002,480,463,565,5
20260117,MCH-003,Shift 2,PRD-001,480,459,886,12
20260117,MCH-003,Shift 3,PRD-002,480,465,609,10
20260117,MCH-004,Shift 1,PRD-004,480,479,1096,8
20260117,MCH-004,Shift 2,PRD-003,480,405,1339,140
20260117,MCH-004,Shift 3,PRD-004,480,176,434,10
20260117,MCH-005,Shift 1,PRD-003,480,456,1439,24
20260117,MCH-005,Shift 2,PRD-001,480,474,888,17
20260117,MCH-005,Shift 3,PRD-002,480,404,514,9
20260118,MCH-001,Shift 1,PRD-003,480,454,1427,4
20260118,MCH-001,Shift 2,PRD-001,480,462,911,0
20260118,MCH-001,Shift 3,PRD-001,480,462,851,107
20260118,MCH-002,Shift 1,PRD-001,480,472,963,11
20260118,MCH-002,Shift 2,PRD-003,480,466,1517,111
20260118,MCH-002,Shift 3,PRD-001,480,443,871,3
20260118,MCH-003,Shift 1,PRD-003,480,455,1380,28
20260118,MCH-003,Shift 2,PRD-001,480,470,866,19
20260118,MCH-003,Shift 3,PRD-004,480,377,974,1
20260118,MCH-004,Shift 1,PRD-002,480,442,613,10
20260118,MCH-004,Shift 2,PRD-004,480,401,967,96
20260118,MCH-004,Shift 3,PRD-002,480,433,579,38
20260118,MCH-005,Shift 1,PRD-004,480,470,1057,34
20260118,MCH-005,Shift 2,PRD-001,480,439,882,27
20260118,MCH-005,Shift 3,PRD-003,480,478,1530,17
20260119,MCH-001,Shift 1,PRD-003,480,459,1408,1
20260119,MCH-001,Shift 2,PRD-002,480,460,568,32
20260119,MCH-001,Shift 3,PRD-002,480,444,536,12
20260119,MCH-002,Shift 1,PRD-001,480,470,896,10
20260119,MCH-002,Shift 2,PRD-001,480,467,890,6
20260119,MCH-002,Shift 3,PRD-001,480,470,879,32
20260119,MCH-003,Shift 1,PRD-004,480,422,1072,0
20260119,MCH-003,Shift 2,PRD-001,480,479,868,8
20260119,MCH-003,Shift 3,PRD-002,480,472,588,6
20260119,MCH-004,Shift 1,PRD-002,480,478,561,10
20260119,MCH-004,Shift 2,PRD-002,480,467,568,16
20260119,MCH-004,Shift 3,PRD-003,480,448,1407,32
20260119,MCH-005,Shift 1,PRD-001,480,478,932,2
20260119,MCH-005,Shift 2,PRD-004,480,467,1113,0
20260119,MCH-005,Shift 3,PRD-004,480,455,1086,29
20260120,MCH-001,Shift 1,PRD-004,480,422,974,2
20260120,MCH-001,Shift 2,PRD-004,480,458,1088,6
20260120,MCH-001,Shift 3,PRD-002,480,468,576,50
20260120,MCH-002,Shift 1,PRD-002,480,470,599,15
20260120,MCH-002,Shift 2,PRD-003,480,472,1463,20
20260120,MCH-002,Shift 3,PRD-002,480,378,485,49
20260120,MCH-003,Shift 1,PRD-002,480,428,539,34
20260120,MCH-003,Shift 2,PRD-002,480,461,634,5
20260120,MCH-003,Shift 3,PRD-001,480,471,952,23
20260120,MCH-004,Shift 1,PRD-004,480,465,1136,28
20260120,MCH-004,Shift 2,PRD-004,480,396,934,0
20260120,MCH-004,Shift 3,PRD-001,480,428,833,1
20260120,MCH-005,Shift 1,PRD-004,480,468,1079,18
20260120,MCH-005,Shift 2,PRD-004,480,413,905,9
20260120,MCH-005,Shift 3,PRD-003,480,465,1578,12
20260121,MCH-001,Shift 1,PRD-001,480,452,870,10
20260121,MCH-001,Shift 2,PRD-003,480,479,1571,86
20260121,MCH-001,Shift 3,PRD-003,480,479,1611,42
20260121,MCH-002,Shift 1,PRD-003,480,465,1492,8
20260121,MCH-002,Shift 2,PRD-001,480,474,922,4
20260121,MCH-002,Shift 3,PRD-001,480,456,835,29
20260121,MCH-003,Shift 1,PRD-001,480,470,952,13
20260121,MCH-003,Shift 2,PRD-003,480,175,594,1
20260121,MCH-003,Shift 3,PRD-001,480,469,860,26
20260121,MCH-004,Shift 1,PRD-003,480,437,1466,17
20260121,MCH-004,Shift 2,PRD-002,480,409,534,39
20260121,MCH-004,Shift 3,PRD-001,480,462,869,17
20260121,MCH-005,Shift 1,PRD-004,480,432,1016,3
20260121,MCH-005,Shift 2,PRD-002,480,420,564,20
20260121,MCH-005,Shift 3,PRD-004,480,478,1162,20
20260122,MCH-001,Shift 1,PRD-002,480,370,458,55
20260122,MCH-001,Shift 2,PRD-003,480,478,1501,49
20260122,MCH-001,Shift 3,PRD-003,480,478,1556,40
20260122,MCH-002,Shift 1,PRD-001,480,473,958,11
20260122,MCH-002,Shift 2,PRD-004,480,424,1068,30
20260122,MCH-002,Shift 3,PRD-004,480,474,1170,18
20260122,MCH-003,Shift 1,PRD-003,480,471,1556,12
20260122,MCH-003,Shift 2,PRD-004,480,469,1142,81
20260122,MCH-003,Shift 3,PRD-002,480,478,642,13
20260122,MCH-004,Shift 1,PRD-004,480,445,1141,34
20260122,MCH-004,Shift 2,PRD-001,480,358,697,0
20260122,MCH-004,Shift 3,PRD-003,480,479,1450,108
20260122,MCH-005,Shift 1,PRD-001,480,369,731,2
20260122,MCH-005,Shift 2,PRD-004,480,463,1075,10
20260122,MCH-005,Shift 3,PRD-002,480,463,625,2
20260123,MCH-001,Shift 1,PRD-001,480,409,829,8
20260123,MCH-001,Shift 2,PRD-002,480,293,362,9
20260123,MCH-001,Shift 3,PRD-003,480,410,1363,2
20260123,MCH-002,Shift 1,PRD-004,480,460,1085,20
20260123,MCH-002,Shift 2,PRD-001,480,447,858,3
20260123,MCH-002,Shift 3,PRD-001,480,428,815,28
20260123,MCH-003,Shift 1,PRD-002,480,453,544,0
20260123,MCH-003,Shift 2,PRD-004,480,434,1020,10
20260123,MCH-003,Shift 3,PRD-002,480,422,504,2
20260123,MCH-004,Shift 1,PRD-002,480,477,594,1
20260123,MCH-004,Shift 2,PRD-004,480,177,417,3
20260123,MCH-004,Shift 3,PRD-001,480,444,761,10
20260123,MCH-005,Shift 1,PRD-001,480,244,504,12
20260123,MCH-005,Shift 2,PRD-001,480,459,910,3
20260123,MCH-005,Shift 3,PRD-001,480,417,763,25
20260124,MCH-001,Shift 1,PRD-003,480,467,1445,13
20260124,MCH-001,Shift 2,PRD-003,480,468,1366,0
20260124,MCH-001,Shift 3,PRD-001,480,479,930,2
20260124,MCH-002,Shift 1,PRD-003,480,471,1535,135
20260124,MCH-002,Shift 2,PRD-001,480,451,813,108
20260124,MCH-002,Shift 3,PRD-003,480,474,1597,31
20260124,MCH-003,Shift 1,PRD-001,480,479,901,6
20260124,MCH-003,Shift 2,PRD-001,480,473,971,13
20260124,MCH-003,Shift 3,PRD-004,480,479,1169,85
20260124,MCH-004,Shift 1,PRD-003,480,449,1356,24
20260124,MCH-004,Shift 2,PRD-004,480,281,694,4
20260124,MCH-004,Shift 3,PRD-004,480,440,1045,54
20260124,MCH-005,Shift 1,PRD-002,480,394,474,12
20260124,MCH-005,Shift 2,PRD-004,480,473,1114,5
20260124,MCH-005,Shift 3,PRD-003,480,469,1522,56
20260125,MCH-001,Shift 1,PRD-002,480,474,620,5
20260125,MCH-001,Shift 2,PRD-003,480,423,1291,10
20260125,MCH-001,Shift 3,PRD-001,480,472,869,4
20260125,MCH-002,Shift 1,PRD-002,480,474,653,47
20260125,MCH-002,Shift 2,PRD-003,480,470,1394,23
20260125,MCH-002,Shift 3,PRD-002,480,464,576,2
20260125,MCH-003,Shift 1,PRD-001,480,402,754,21
20260125,MCH-003,Shift 2,PRD-003,480,411,1291,14
20260125,MCH-003,Shift 3,PRD-004,480,467,1088,14
20260125,MCH-004,Shift 1,PRD-003,480,451,1441,12
20260125,MCH-004,Shift 2,PRD-001,480,442,777,5
20260125,MCH-004,Shift 3,PRD-004,480,445,1043,4
20260125,MCH-005,Shift 1,PRD-004,480,464,1078,0
20260125,MCH-005,Shift 2,PRD-003,480,436,1412,68
20260125,MCH-005,Shift 3,PRD-002,480,461,580,9
20260126,MCH-001,Shift 1,PRD-003,480,456,1401,8
20260126,MCH-001,Shift 2,PRD-003,480,474,1389,2
20260126,MCH-001,Shift 3,PRD-001,480,474,829,1
20260126,MCH-002,Shift 1,PRD-003,480,478,1476,52
20260126,MCH-002,Shift 2,PRD-003,480,401,1242,108
20260126,MCH-002,Shift 3,PRD-003,480,453,1427,21
20260126,MCH-003,Shift 1,PRD-004,480,478,1172,5
20260126,MCH-003,Shift 2,PRD-001,480,473,844,6
20260126,MCH-003,Shift 3,PRD-004,480,443,1035,27
20260126,MCH-004,Shift 1,PRD-004,480,461,1091,19
20260126,MCH-004,Shift 2,PRD-002,480,424,511,3
20260126,MCH-004,Shift 3,PRD-001,480,450,859,60
20260126,MCH-005,Shift 1,PRD-001,480,429,853,6
20260126,MCH-005,Shift 2,PRD-001,480,226,417,8
20260126,MCH-005,Shift 3,PRD-004,480,430,990,19
20260127,MCH-001,Shift 1,PRD-002,480,216,281,6
20260127,MCH-001,Shift 2,PRD-003,480,448,1438,206
20260127,MCH-001,Shift 3,PRD-002,480,459,610,10
20260127,MCH-002,Shift 1,PRD-002,480,478,655,8
20260127,MCH-002,Shift 2,PRD-004,480,449,1105,20
20260127,MCH-002,Shift 3,PRD-001,480,441,812,5
20260127,MCH-003,Shift 1,PRD-004,480,453,1106,7
20260127,MCH-003,Shift 2,PRD-003,480,446,1367,2
20260127,MCH-003,Shift 3,PRD-002,480,379,471,1
20260127,MCH-004,Shift 1,PRD-002,480,380,430,4
20260127,MCH-004,Shift 2,PRD-002,480,451,591,8
20260127,MCH-004,Shift 3,PRD-003,480,450,1490,4
20260127,MCH-005,Shift 1,PRD-002,480,466,613,23
20260127,MCH-005,Shift 2,PRD-003,480,239,765,16
20260127,MCH-005,Shift 3,PRD-004,480,476,1097,14
20260128,MCH-001,Shift 1,PRD-004,480,459,1146,9
20260128,MCH-001,Shift 2,PRD-004,480,461,1057,1
20260128,MCH-001,Shift 3,PRD-003,480,472,1451,21
20260128,MCH-002,Shift 1,PRD-002,480,455,569,3
20260128,MCH-002,Shift 2,PRD-002,480,455,551,9
20260128,MCH-002,Shift 3,PRD-001,480,476,914,21
20260128,MCH-003,Shift 1,PRD-004,480,458,1067,1
20260128,MCH-003,Shift 2,PRD-004,480,470,1144,106
20260128,MCH-003,Shift 3,PRD-002,480,411,465,0
20260128,MCH-004,Shift 1,PRD-001,480,471,939,2
20260128,MCH-004,Shift 2,PRD-003,480,301,985,29
20260128,MCH-004,Shift 3,PRD-004,480,465,1099,0
20260128,MCH-005,Shift 1,PRD-002,480,474,614,2
20260128,MCH-005,Shift 2,PRD-003,480,460,1405,148
20260128,MCH-005,Shift 3,PRD-004,480,162,387,16
20260129,MCH-001,Shift 1,PRD-004,480,413,1007,95
20260129,MCH-001,Shift 2,PRD-001,480,479,829,102
20260129,MCH-001,Shift 3,PRD-002,480,479,620,8
20260129,MCH-002,Shift 1,PRD-004,480,458,1063,107
20260129,MCH-002,Shift 2,PRD-002,480,425,569,0
20260129,MCH-002,Shift 3,PRD-004,480,420,1064,18
20260129,MCH-003,Shift 1,PRD-003,480,478,1403,11
20260129,MCH-003,Shift 2,PRD-003,480,465,1600,30
20260129,MCH-003,Shift 3,PRD-002,480,431,532,4
20260129,MCH-004,Shift 1,PRD-001,480,462,908,14
20260129,MCH-004,Shift 2,PRD-002,480,383,479,1
20260129,MCH-004,Shift 3,PRD-001,480,464,853,32
20260129,MCH-005,Shift 1,PRD-001,480,450,799,5
20260129,MCH-005,Shift 2,PRD-004,480,450,1035,1
20260129,MCH-005,Shift 3,PRD-002,480,213,251,1
20260130,MCH-001,Shift 1,PRD-001,480,445,881,1
20260130,MCH-001,Shift 2,PRD-001,480,479,840,0
20260130,MCH-001,Shift 3,PRD-002,480,435,541,10
20260130,MCH-002,Shift 1,PRD-004,480,472,1211,12
20260130,MCH-002,Shift 2,PRD-003,480,467,1526,12
20260130,MCH-002,Shift 3,PRD-003,480,474,1488,66
20260130,MCH-003,Shift 1,PRD-003,480,407,1228,73
20260130,MCH-003,Shift 2,PRD-001,480,449,824,94
20260130,MCH-003,Shift 3,PRD-004,480,442,994,21
20260130,MCH-004,Shift 1,PRD-004,480,446,1094,5
20260130,MCH-004,Shift 2,PRD-003,480,473,1476,36
20260130,MCH-004,Shift 3,PRD-004,480,464,1122,7
20260130,MCH-005,Shift 1,PRD-002,480,408,511,33
20260130,MCH-005,Shift 2,PRD-004,480,457,1081,6
20260130,MCH-005,Shift 3,PRD-001,480,433,855,15
20260131,MCH-001,Shift 1,PRD-001,480,428,827,62
20260131,MCH-001,Shift 2,PRD-003,480,465,1368,15
20260131,MCH-001,Shift 3,PRD-001,480,456,886,32
20260131,MCH-002,Shift 1,PRD-003,480,462,1451,0
20260131,MCH-002,Shift 2,PRD-004,480,445,1025,26
20260131,MCH-002,Shift 3,PRD-001,480,479,911,70
20260131,MCH-003,Shift 1,PRD-002,480,417,518,17
20260131,MCH-003,Shift 2,PRD-002,480,203,251,1
20260131,MCH-003,Shift 3,PRD-003,480,462,1479,9
20260131,MCH-004,Shift 1,PRD-002,480,421,506,26
20260131,MCH-004,Shift 2,PRD-004,480,476,1211,14
20260131,MCH-004,Shift 3,PRD-002,480,431,547,3
20260131,MCH-005,Shift 1,PRD-004,480,462,1054,33
20260131,MCH-005,Shift 2,PRD-001,480,476,920,58
20260131,MCH-005,Shift 3,PRD-002,480,442,568,21
20260201,MCH-001,Shift 1,PRD-002,480,457,565,3
20260201,MCH-001,Shift 2,PRD-004,480,453,1099,9
20260201,MCH-001,Shift 3,PRD-003,480,451,1345,45
20260201,MCH-002,Shift 1,PRD-004,480,465,1070,40
20260201,MCH-002,Shift 2,PRD-004,480,473,1057,7
20260201,MCH-002,Shift 3,PRD-001,480,451,844,1
20260201,MCH-003,Shift 1,PRD-002,480,462,548,0
20260201,MCH-003,Shift 2,PRD-003,480,437,1497,29
20260201,MCH-003,Shift 3,PRD-003,480,443,1387,14
20260201,MCH-004,Shift 1,PRD-001,480,457,854,8
20260201,MCH-004,Shift 2,PRD-003,480,449,1337,19
20260201,MCH-004,Shift 3,PRD-004,480,459,1061,14
20260201,MCH-005,Shift 1,PRD-002,480,331,416,5
20260201,MCH-005,Shift 2,PRD-003,480,451,1413,64
20260201,MCH-005,Shift 3,PRD-001,480,467,866,1
20260202,MCH-001,Shift 1,PRD-003,480,471,1543,4
20260202,MCH-001,Shift 2,PRD-002,480,422,529,24
20260202,MCH-001,Shift 3,PRD-002,480,428,555,0
20260202,MCH-002,Shift 1,PRD-002,480,451,535,10
20260202,MCH-002,Shift 2,PRD-003,480,468,1507,9
20260202,MCH-002,Shift 3,PRD-002,480,473,579,7
20260202,MCH-003,Shift 1,PRD-002,480,420,535,4
20260202,MCH-003,Shift 2,PRD-001,480,468,903,13
20260202,MCH-003,Shift 3,PRD-004,480,463,1032,33
20260202,MCH-004,Shift 1,PRD-001,480,478,934,5
20260202,MCH-004,Shift 2,PRD-004,480,469,1122,6
20260202,MCH-004,Shift 3,PRD-002,480,429,592,7
20260202,MCH-005,Shift 1,PRD-001,480,477,909,30
20260202,MCH-005,Shift 2,PRD-004,480,477,1151,19
20260202,MCH-005,Shift 3,PRD-004,480,459,1045,33
20260203,MCH-001,Shift 1,PRD-003,480,474,1572,1
20260203,MCH-001,Shift 2,PRD-004,480,460,1110,0
20260203,MCH-001,Shift 3,PRD-004,480,437,1041,54
20260203,MCH-002,Shift 1,PRD-001,480,452,831,5
20260203,MCH-002,Shift 2,PRD-002,480,435,539,8
20260203,MCH-002,Shift 3,PRD-003,480,394,1201,3
20260203,MCH-003,Shift 1,PRD-004,480,457,1094,103
20260203,MCH-003,Shift 2,PRD-003,480,453,1443,24
20260203,MCH-003,Shift 3,PRD-001,480,461,887,10
20260203,MCH-004,Shift 1,PRD-003,480,474,1466,17
20260203,MCH-004,Shift 2,PRD-003,480,465,1435,14
20260203,MCH-004,Shift 3,PRD-001,480,460,871,8
20260203,MCH-005,Shift 1,PRD-001,480,148,275,5
20260203,MCH-005,Shift 2,PRD-003,480,456,1518,94
20260203,MCH-005,Shift 3,PRD-003,480,410,1212,4
20260204,MCH-001,Shift 1,PRD-002,480,424,564,6
20260204,MCH-001,Shift 2,PRD-001,480,475,905,0
20260204,MCH-001,Shift 3,PRD-003,480,437,1385,39
20260204,MCH-002,Shift 1,PRD-002,480,464,543,6
20260204,MCH-002,Shift 2,PRD-002,480,446,572,74
20260204,MCH-002,Shift 3,PRD-004,480,470,1112,109
20260204,MCH-003,Shift 1,PRD-004,480,415,1025,4
20260204,MCH-003,Shift 2,PRD-003,480,456,1530,96
20260204,MCH-003,Shift 3,PRD-004,480,433,1004,5
20260204,MCH-004,Shift 1,PRD-003,480,447,1342,15
20260204,MCH-004,Shift 2,PRD-002,480,422,532,10
20260204,MCH-004,Shift 3,PRD-003,480,431,1340,2
20260204,MCH-005,Shift 1,PRD-004,480,469,1125,33
20260204,MCH-005,Shift 2,PRD-001,480,369,664,5
20260204,MCH-005,Shift 3,PRD-004,480,477,1106,109
20260205,MCH-001,Shift 1,PRD-002,480,471,569,14
20260205,MCH-001,Shift 2,PRD-001,480,438,752,97
20260205,MCH-001,Shift 3,PRD-002,480,455,580,10
20260205,MCH-002,Shift 1,PRD-002,480,454,545,10
20260205,MCH-002,Shift 2,PRD-004,480,422,1014,0
20260205,MCH-002,Shift 3,PRD-001,480,466,867,12
20260205,MCH-003,Shift 1,PRD-001,480,476,910,1
20260205,MCH-003,Shift 2,PRD-003,480,474,1408,68
20260205,MCH-003,Shift 3,PRD-002,480,235,301,7
20260205,MCH-004,Shift 1,PRD-001,480,474,860,5
20260205,MCH-004,Shift 2,PRD-003,480,478,1548,1
20260205,MCH-004,Shift 3,PRD-004,480,464,1031,126
20260205,MCH-005,Shift 1,PRD-003,480,478,1400,42
20260205,MCH-005,Shift 2,PRD-002,480,461,589,54
20260205,MCH-005,Shift 3,PRD-004,480,466,1065,18
20260206,MCH-001,Shift 1,PRD-004,480,462,1039,134
20260206,MCH-001,Shift 2,PRD-001,480,285,568,9
20260206,MCH-001,Shift 3,PRD-004,480,446,1010,8
20260206,MCH-002,Shift 1,PRD-002,480,424,551,10
20260206,MCH-002,Shift 2,PRD-001,480,473,874,42
20260206,MCH-002,Shift 3,PRD-004,480,473,1095,20
20260206,MCH-003,Shift 1,PRD-003,480,468,1463,21
20260206,MCH-003,Shift 2,PRD-004,480,463,1073,2
20260206,MCH-003,Shift 3,PRD-001,480,438,799,3
20260206,MCH-004,Shift 1,PRD-002,480,446,531,5
20260206,MCH-004,Shift 2,PRD-003,480,233,704,34
20260206,MCH-004,Shift 3,PRD-001,480,422,766,4
20260206,MCH-005,Shift 1,PRD-002,480,472,595,0
20260206,MCH-005,Shift 2,PRD-001,480,216,393,2
20260206,MCH-005,Shift 3,PRD-003,480,452,1442,2
20260207,MCH-001,Shift 1,PRD-001,480,362,673,4
20260207,MCH-001,Shift 2,PRD-001,480,460,865,119
20260207,MCH-001,Shift 3,PRD-004,480,454,1133,27
20260207,MCH-002,Shift 1,PRD-003,480,476,1461,12
20260207,MCH-002,Shift 2,PRD-004,480,453,1026,0
20260207,MCH-002,Shift 3,PRD-003,480,429,1321,0
20260207,MCH-003,Shift 1,PRD-003,480,459,1438,35
20260207,MCH-003,Shift 2,PRD-003,480,455,1415,0
20260207,MCH-003,Shift 3,PRD-001,480,474,824,58
20260207,MCH-004,Shift 1,PRD-002,480,473,636,33
20260207,MCH-004,Shift 2,PRD-003,480,468,1425,5
20260207,MCH-004,Shift 3,PRD-002,480,464,585,38
20260207,MCH-005,Shift 1,PRD-001,480,449,884,6
20260207,MCH-005,Shift 2,PRD-004,480,434,965,50
20260207,MCH-005,Shift 3,PRD-001,480,467,876,25
20260208,MCH-001,Shift 1,PRD-001,480,452,826,1
20260208,MCH-001,Shift 2,PRD-003,480,381,1175,39
20260208,MCH-001,Shift 3,PRD-003,480,395,1183,15
20260208,MCH-002,Shift 1,PRD-004,480,404,877,0
20260208,MCH-002,Shift 2,PRD-002,480,420,546,1
20260208,MCH-002,Shift 3,PRD-002,480,452,585,7
20260208,MCH-003,Shift 1,PRD-002,480,431,571,57
20260208,MCH-003,Shift 2,PRD-004,480,434,975,35
20260208,MCH-003,Shift 3,PRD-003,480,458,1444,2
20260208,MCH-004,Shift 1,PRD-003,480,395,1307,17
20260208,MCH-004,Shift 2,PRD-002,480,406,500,32
20260208,MCH-004,Shift 3,PRD-003,480,476,1538,18
20260208,MCH-005,Shift 1,PRD-002,480,450,547,3
20260208,MCH-005,Shift 2,PRD-003,480,455,1419,11
20260208,MCH-005,Shift 3,PRD-004,480,453,1037,0
20260209,MCH-001,Shift 1,PRD-001,480,451,888,62
20260209,MCH-001,Shift 2,PRD-003,480,476,1571,7
20260209,MCH-001,Shift 3,PRD-004,480,465,1158,9
20260209,MCH-002,Shift 1,PRD-001,480,479,891,14
20260209,MCH-002,Shift 2,PRD-001,480,445,835,4
20260209,MCH-002,Shift 3,PRD-004,480,453,1044,10
20260209,MCH-003,Shift 1,PRD-002,480,438,540,2
20260209,MCH-003,Shift 2,PRD-004,480,459,1062,4
20260209,MCH-003,Shift 3,PRD-003,480,474,1474,32
20260209,MCH-004,Shift 1,PRD-002,480,372,474,17
20260209,MCH-004,Shift 2,PRD-004,480,428,999,3
20260209,MCH-004,Shift 3,PRD-003,480,478,1489,0
20260209,MCH-005,Shift 1,PRD-003,480,386,1268,58
20260209,MCH-005,Shift 2,PRD-002,480,474,645,4
20260209,MCH-005,Shift 3,PRD-004,480,451,1050,36
20260210,MCH-001,Shift 1,PRD-001,480,433,819,24
20260210,MCH-001,Shift 2,PRD-004,480,469,1136,34
20260210,MCH-001,Shift 3,PRD-001,480,448,844,18
20260210,MCH-002,Shift 1,PRD-002,480,462,562,5
20260210,MCH-002,Shift 2,PRD-001,480,479,863,9
20260210,MCH-002,Shift 3,PRD-001,480,410,839,13
20260210,MCH-003,Shift 1,PRD-001,480,445,818,53
20260210,MCH-003,Shift 2,PRD-004,480,471,1098,7
20260210,MCH-003,Shift 3,PRD-001,480,440,886,92
20260210,MCH-004,Shift 1,PRD-003,480,448,1421,73
20260210,MCH-004,Shift 2,PRD-004,480,450,1100,22
20260210,MCH-004,Shift 3,PRD-004,480,286,685,0
20260210,MCH-005,Shift 1,PRD-003,480,470,1597,24
20260210,MCH-005,Shift 2,PRD-004,480,452,1124,47
20260210,MCH-005,Shift 3,PRD-004,480,479,1152,4
20260211,MCH-001,Shift 1,PRD-003,480,458,1459,116
20260211,MCH-001,Shift 2,PRD-003,480,448,1313,34
20260211,MCH-001,Shift 3,PRD-001,480,448,815,11
20260211,MCH-002,Shift 1,PRD-004,480,475,1069,152
20260211,MCH-002,Shift 2,PRD-002,480,436,519,3
20260211,MCH-002,Shift 3,PRD-004,480,471,1112,18
20260211,MCH-003,Shift 1,PRD-004,480,473,1135,152
20260211,MCH-003,Shift 2,PRD-004,480,474,1042,9
20260211,MCH-003,Shift 3,PRD-004,480,479,1106,158
20260211,MCH-004,Shift 1,PRD-003,480,467,1370,2
20260211,MCH-004,Shift 2,PRD-002,480,438,544,18
20260211,MCH-004,Shift 3,PRD-001,480,477,923,7
20260211,MCH-005,Shift 1,PRD-001,480,450,936,33
20260211,MCH-005,Shift 2,PRD-004,480,449,1067,12
20260211,MCH-005,Shift 3,PRD-003,480,449,1362,4
20260212,MCH-001,Shift 1,PRD-004,480,441,1011,82
20260212,MCH-001,Shift 2,PRD-004,480,464,1084,11
20260212,MCH-001,Shift 3,PRD-001,480,471,863,76
20260212,MCH-002,Shift 1,PRD-003,480,466,1547,4
20260212,MCH-002,Shift 2,PRD-002,480,477,610,12
20260212,MCH-002,Shift 3,PRD-003,480,436,1357,65
20260212,MCH-003,Shift 1,PRD-004,480,460,1066,1
20260212,MCH-003,Shift 2,PRD-003,480,477,1558,61
20260212,MCH-003,Shift 3,PRD-003,480,428,1301,15
20260212,MCH-004,Shift 1,PRD-003,480,462,1500,16
20260212,MCH-004,Shift 2,PRD-003,480,462,1450,1
20260212,MCH-004,Shift 3,PRD-003,480,436,1455,5
20260212,MCH-005,Shift 1,PRD-003,480,474,1604,15
20260212,MCH-005,Shift 2,PRD-004,480,433,1076,19
20260212,MCH-005,Shift 3,PRD-004,480,426,951,14
20260213,MCH-001,Shift 1,PRD-002,480,413,520,4
20260213,MCH-001,Shift 2,PRD-001,480,455,882,131
20260213,MCH-001,Shift 3,PRD-002,480,473,626,57
20260213,MCH-002,Shift 1,PRD-004,480,448,1079,77
20260213,MCH-002,Shift 2,PRD-002,480,382,476,16
20260213,MCH-002,Shift 3,PRD-002,480,479,617,11
20260213,MCH-003,Shift 1,PRD-004,480,423,1021,33
20260213,MCH-003,Shift 2,PRD-001,480,471,869,15
20260213,MCH-003,Shift 3,PRD-004,480,460,1070,6
20260213,MCH-004,Shift 1,PRD-002,480,458,569,16
20260213,MCH-004,Shift 2,PRD-002,480,391,484,9
20260213,MCH-004,Shift 3,PRD-004,480,398,986,7
20260213,MCH-005,Shift 1,PRD-002,480,475,567,1
20260213,MCH-005,Shift 2,PRD-004,480,477,1088,52
20260213,MCH-005,Shift 3,PRD-002,480,471,604,10
20260214,MCH-001,Shift 1,PRD-001,480,451,813,87
20260214,MCH-001,Shift 2,PRD-002,480,403,489,6
20260214,MCH-001,Shift 3,PRD-002,480,476,619,13
20260214,MCH-002,Shift 1,PRD-004,480,473,1155,16
20260214,MCH-002,Shift 2,PRD-001,480,433,875,36
20260214,MCH-002,Shift 3,PRD-001,480,449,802,7
20260214,MCH-003,Shift 1,PRD-003,480,462,1458,184
20260214,MCH-003,Shift 2,PRD-004,480,466,984,39
20260214,MCH-003,Shift 3,PRD-004,480,445,1026,47
20260214,MCH-004,Shift 1,PRD-003,480,474,1492,18
20260214,MCH-004,Shift 2,PRD-001,480,452,845,72
20260214,MCH-004,Shift 3,PRD-002,480,376,471,8
20260214,MCH-005,Shift 1,PRD-003,480,453,1468,10
20260214,MCH-005,Shift 2,PRD-003,480,470,1449,17
20260214,MCH-005,Shift 3,PRD-001,480,467,900,26
20260215,MCH-001,Shift 1,PRD-004,480,456,1160,32
20260215,MCH-001,Shift 2,PRD-004,480,479,1063,31
20260215,MCH-001,Shift 3,PRD-003,480,453,1323,66
20260215,MCH-002,Shift 1,PRD-001,480,466,799,8
20260215,MCH-002,Shift 2,PRD-002,480,471,579,2
20260215,MCH-002,Shift 3,PRD-004,480,470,1164,26
20260215,MCH-003,Shift 1,PRD-002,480,476,608,4
20260215,MCH-003,Shift 2,PRD-002,480,397,523,12
20260215,MCH-003,Shift 3,PRD-001,480,431,775,37
20260215,MCH-004,Shift 1,PRD-001,480,437,816,10
20260215,MCH-004,Shift 2,PRD-002,480,459,580,26
20260215,MCH-004,Shift 3,PRD-003,480,463,1511,63
20260215,MCH-005,Shift 1,PRD-001,480,430,844,11
20260215,MCH-005,Shift 2,PRD-001,480,457,873,19
20260215,MCH-005,Shift 3,PRD-001,480,434,811,69
20260216,MCH-001,Shift 1,PRD-004,480,472,1075,6
20260216,MCH-001,Shift 2,PRD-002,480,437,522,8
20260216,MCH-001,Shift 3,PRD-003,480,431,1350,38
20260216,MCH-002,Shift 1,PRD-003,480,469,1411,23
20260216,MCH-002,Shift 2,PRD-004,480,461,1082,8
20260216,MCH-002,Shift 3,PRD-001,480,478,895,47
20260216,MCH-003,Shift 1,PRD-003,480,429,1340,7
20260216,MCH-003,Shift 2,PRD-003,480,384,1183,29
20260216,MCH-003,Shift 3,PRD-003,480,470,1453,5
20260216,MCH-004,Shift 1,PRD-004,480,450,1042,19
20260216,MCH-004,Shift 2,PRD-002,480,424,539,53
20260216,MCH-004,Shift 3,PRD-002,480,475,636,8
20260216,MCH-005,Shift 1,PRD-001,480,437,837,28
20260216,MCH-005,Shift 2,PRD-004,480,269,655,9
20260216,MCH-005,Shift 3,PRD-001,480,451,837,120
20260217,MCH-001,Shift 1,PRD-001,480,477,923,7
20260217,MCH-001,Shift 2,PRD-003,480,441,1384,0
20260217,MCH-001,Shift 3,PRD-001,480,449,866,12
20260217,MCH-002,Shift 1,PRD-001,480,452,876,9
20260217,MCH-002,Shift 2,PRD-001,480,465,853,3
20260217,MCH-002,Shift 3,PRD-003,480,210,699,13
20260217,MCH-003,Shift 1,PRD-001,480,474,858,17
20260217,MCH-003,Shift 2,PRD-002,480,468,596,5
20260217,MCH-003,Shift 3,PRD-003,480,471,1435,12
20260217,MCH-004,Shift 1,PRD-003,480,478,1679,21
20260217,MCH-004,Shift 2,PRD-001,480,473,873,1
20260217,MCH-004,Shift 3,PRD-003,480,433,1406,19
20260217,MCH-005,Shift 1,PRD-003,480,467,1469,87
20260217,MCH-005,Shift 2,PRD-004,480,438,1047,0
20260217,MCH-005,Shift 3,PRD-001,480,311,541,6
20260218,MCH-001,Shift 1,PRD-004,480,403,943,5
20260218,MCH-001,Shift 2,PRD-001,480,473,946,2
20260218,MCH-001,Shift 3,PRD-002,480,445,583,16
20260218,MCH-002,Shift 1,PRD-003,480,466,1465,25
20260218,MCH-002,Shift 2,PRD-002,480,433,568,2
20260218,MCH-002,Shift 3,PRD-004,480,413,912,1
20260218,MCH-003,Shift 1,PRD-002,480,437,547,8
20260218,MCH-003,Shift 2,PRD-001,480,468,911,1
20260218,MCH-003,Shift 3,PRD-003,480,463,1398,12
20260218,MCH-004,Shift 1,PRD-004,480,422,960,1
20260218,MCH-004,Shift 2,PRD-001,480,439,814,4
20260218,MCH-004,Shift 3,PRD-003,480,473,1479,5
20260218,MCH-005,Shift 1,PRD-002,480,423,564,0
20260218,MCH-005,Shift 2,PRD-003,480,422,1363,31
20260218,MCH-005,Shift 3,PRD-001,480,478,899,0
20260219,MCH-001,Shift 1,PRD-001,480,445,823,1
20260219,MCH-001,Shift 2,PRD-002,480,475,609,17
20260219,MCH-001,Shift 3,PRD-001,480,467,938,6
20260219,MCH-002,Shift 1,PRD-001,480,457,880,14
20260219,MCH-002,Shift 2,PRD-003,480,434,1309,2
20260219,MCH-002,Shift 3,PRD-003,480,461,1519,159
20260219,MCH-003,Shift 1,PRD-004,480,479,1148,0
20260219,MCH-003,Shift 2,PRD-004,480,475,1050,10
20260219,MCH-003,Shift 3,PRD-004,480,397,936,16
20260219,MCH-004,Shift 1,PRD-004,480,418,1011,2
20260219,MCH-004,Shift 2,PRD-004,480,468,1056,7
20260219,MCH-004,Shift 3,PRD-001,480,463,871,125
20260219,MCH-005,Shift 1,PRD-001,480,443,790,1
20260219,MCH-005,Shift 2,PRD-002,480,424,534,5
20260219,MCH-005,Shift 3,PRD-002,480,325,374,0
20260220,MCH-001,Shift 1,PRD-003,480,475,1514,54
20260220,MCH-001,Shift 2,PRD-002,480,476,621,0
20260220,MCH-001,Shift 3,PRD-001,480,464,969,15
20260220,MCH-002,Shift 1,PRD-002,480,450,587,3
20260220,MCH-002,Shift 2,PRD-004,480,472,1095,6
20260220,MCH-002,Shift 3,PRD-003,480,441,1395,0
20260220,MCH-003,Shift 1,PRD-001,480,476,885,7
20260220,MCH-003,Shift 2,PRD-002,480,441,528,39
20260220,MCH-003,Shift 3,PRD-003,480,465,1490,3
20260220,MCH-004,Shift 1,PRD-003,480,401,1184,4
20260220,MCH-004,Shift 2,PRD-003,480,418,1300,12
20260220,MCH-004,Shift 3,PRD-003,480,477,1529,21
20260220,MCH-005,Shift 1,PRD-002,480,447,605,1
20260220,MCH-005,Shift 2,PRD-003,480,474,1542,47
20260220,MCH-005,Shift 3,PRD-002,480,478,635,66
20260221,MCH-001,Shift 1,PRD-002,480,472,606,35
20260221,MCH-001,Shift 2,PRD-004,480,424,1036,72
20260221,MCH-001,Shift 3,PRD-004,480,224,508,6
20260221,MCH-002,Shift 1,PRD-001,480,428,811,11
20260221,MCH-002,Shift 2,PRD-001,480,447,806,5
20260221,MCH-002,Shift 3,PRD-002,480,427,557,1
20260221,MCH-003,Shift 1,PRD-004,480,466,1203,29
20260221,MCH-003,Shift 2,PRD-002,480,471,617,14
20260221,MCH-003,Shift 3,PRD-004,480,443,1110,3
20260221,MCH-004,Shift 1,PRD-002,480,451,592,1
20260221,MCH-004,Shift 2,PRD-001,480,478,945,7
20260221,MCH-004,Shift 3,PRD-001,480,465,868,2
20260221,MCH-005,Shift 1,PRD-002,480,434,581,6
20260221,MCH-005,Shift 2,PRD-001,480,464,913,4
20260221,MCH-005,Shift 3,PRD-004,480,377,885,35
20260222,MCH-001,Shift 1,PRD-002,480,401,505,1
20260222,MCH-001,Shift 2,PRD-002,480,457,556,7
20260222,MCH-001,Shift 3,PRD-001,480,470,888,14
20260222,MCH-002,Shift 1,PRD-004,480,477,1135,2
20260222,MCH-002,Shift 2,PRD-003,480,476,1474,35
20260222,MCH-002,Shift 3,PRD-003,480,444,1357,33
20260222,MCH-003,Shift 1,PRD-002,480,298,376,1
20260222,MCH-003,Shift 2,PRD-001,480,473,869,48
20260222,MCH-003,Shift 3,PRD-002,480,463,595,44
20260222,MCH-004,Shift 1,PRD-001,480,452,828,87
20260222,MCH-004,Shift 2,PRD-001,480,361,677,2
20260222,MCH-004,Shift 3,PRD-003,480,447,1401,30
20260222,MCH-005,Shift 1,PRD-004,480,206,484,9
20260222,MCH-005,Shift 2,PRD-001,480,423,839,64
20260222,MCH-005,Shift 3,PRD-004,480,205,456,38
20260223,MCH-001,Shift 1,PRD-003,480,460,1460,179
20260223,MCH-001,Shift 2,PRD-001,480,421,818,24
20260223,MCH-001,Shift 3,PRD-001,480,436,820,24
20260223,MCH-002,Shift 1,PRD-004,480,431,1008,72
20260223,MCH-002,Shift 2,PRD-002,480,466,599,7
20260223,MCH-002,Shift 3,PRD-002,480,473,547,1
20260223,MCH-003,Shift 1,PRD-001,480,468,915,11
20260223,MCH-003,Shift 2,PRD-003,480,464,1493,52
20260223,MCH-003,Shift 3,PRD-001,480,478,897,10
20260223,MCH-004,Shift 1,PRD-002,480,462,587,6
20260223,MCH-004,Shift 2,PRD-002,480,471,609,19
20260223,MCH-004,Shift 3,PRD-002,480,472,615,25
20260223,MCH-005,Shift 1,PRD-002,480,458,544,3
20260223,MCH-005,Shift 2,PRD-002,480,440,549,13
20260223,MCH-005,Shift 3,PRD-004,480,474,1090,88
20260224,MCH-001,Shift 1,PRD-004,480,472,1163,123
20260224,MCH-001,Shift 2,PRD-002,480,430,523,11
20260224,MCH-001,Shift 3,PRD-001,480,448,836,17
20260224,MCH-002,Shift 1,PRD-002,480,186,219,9
20260224,MCH-002,Shift 2,PRD-002,480,410,514,8
20260224,MCH-002,Shift 3,PRD-003,480,470,1499,83
20260224,MCH-003,Shift 1,PRD-004,480,463,1198,22
20260224,MCH-003,Shift 2,PRD-002,480,445,574,39
20260224,MCH-003,Shift 3,PRD-004,480,475,1157,13
20260224,MCH-004,Shift 1,PRD-003,480,250,827,2
20260224,MCH-004,Shift 2,PRD-004,480,456,1005,27
20260224,MCH-004,Shift 3,PRD-001,480,464,855,28
20260224,MCH-005,Shift 1,PRD-003,480,438,1360,10
20260224,MCH-005,Shift 2,PRD-004,480,464,1032,132
20260224,MCH-005,Shift 3,PRD-003,480,298,958,15
20260225,MCH-001,Shift 1,PRD-004,480,439,1042,29
20260225,MCH-001,Shift 2,PRD-003,480,433,1504,20
20260225,MCH-001,Shift 3,PRD-001,480,477,900,0
20260225,MCH-002,Shift 1,PRD-001,480,466,825,13
20260225,MCH-002,Shift 2,PRD-003,480,454,1471,9
20260225,MCH-002,Shift 3,PRD-002,480,424,576,40
20260225,MCH-003,Shift 1,PRD-002,480,470,542,0
20260225,MCH-003,Shift 2,PRD-004,480,479,1133,5
20260225,MCH-003,Shift 3,PRD-003,480,450,1399,23
20260225,MCH-004,Shift 1,PRD-002,480,441,532,14
20260225,MCH-004,Shift 2,PRD-001,480,458,806,15
20260225,MCH-004,Shift 3,PRD-002,480,193,256,12
20260225,MCH-005,Shift 1,PRD-003,480,464,1441,15
20260225,MCH-005,Shift 2,PRD-004,480,476,1092,6
20260225,MCH-005,Shift 3,PRD-004,480,474,1126,5
20260226,MCH-001,Shift 1,PRD-002,480,466,629,21
20260226,MCH-001,Shift 2,PRD-004,480,476,1108,19
20260226,MCH-001,Shift 3,PRD-003,480,464,1526,55
20260226,MCH-002,Shift 1,PRD-001,480,462,948,1
20260226,MCH-002,Shift 2,PRD-004,480,240,540,7
20260226,MCH-002,Shift 3,PRD-003,480,478,1586,14
20260226,MCH-003,Shift 1,PRD-004,480,421,933,6
20260226,MCH-003,Shift 2,PRD-003,480,466,1519,42
20260226,MCH-003,Shift 3,PRD-003,480,463,1503,9
20260226,MCH-004,Shift 1,PRD-001,480,320,611,8
20260226,MCH-004,Shift 2,PRD-003,480,450,1330,41
20260226,MCH-004,Shift 3,PRD-003,480,441,1497,7
20260226,MCH-005,Shift 1,PRD-002,480,399,503,2
20260226,MCH-005,Shift 2,PRD-003,480,475,1529,15
20260226,MCH-005,Shift 3,PRD-003,480,466,1499,4
20260227,MCH-001,Shift 1,PRD-003,480,477,1531,21
20260227,MCH-001,Shift 2,PRD-003,480,448,1484,3
20260227,MCH-001,Shift 3,PRD-003,480,452,1372,17
20260227,MCH-002,Shift 1,PRD-003,480,439,1423,24
20260227,MCH-002,Shift 2,PRD-002,480,427,558,7
20260227,MCH-002,Shift 3,PRD-002,480,438,523,8
20260227,MCH-003,Shift 1,PRD-003,480,452,1418,34
20260227,MCH-003,Shift 2,PRD-004,480,458,1126,14
20260227,MCH-003,Shift 3,PRD-001,480,466,844,9
20260227,MCH-004,Shift 1,PRD-001,480,466,897,11
20260227,MCH-004,Shift 2,PRD-001,480,270,510,3
20260227,MCH-004,Shift 3,PRD-001,480,426,776,0
20260227,MCH-005,Shift 1,PRD-002,480,464,604,6
20260227,MCH-005,Shift 2,PRD-004,480,373,905,6
20260227,MCH-005,Shift 3,PRD-003,480,460,1489,4
20260228,MCH-001,Shift 1,PRD-003,480,474,1533,1
20260228,MCH-001,Shift 2,PRD-001,480,433,750,4
20260228,MCH-001,Shift 3,PRD-004,480,475,1169,17
20260228,MCH-002,Shift 1,PRD-002,480,474,627,14
20260228,MCH-002,Shift 2,PRD-001,480,263,456,6
20260228,MCH-002,Shift 3,PRD-001,480,470,876,39
20260228,MCH-003,Shift 1,PRD-001,480,429,860,25
20260228,MCH-003,Shift 2,PRD-004,480,448,1045,14
20260228,MCH-003,Shift 3,PRD-001,480,439,785,3
20260228,MCH-004,Shift 1,PRD-004,480,443,1043,7
20260228,MCH-004,Shift 2,PRD-001,480,438,867,126
20260228,MCH-004,Shift 3,PRD-001,480,433,814,8
20260228,MCH-005,Shift 1,PRD-004,480,469,1134,6
20260228,MCH-005,Shift 2,PRD-001,480,466,860,33
20260228,MCH-005,Shift 3,PRD-004,480,469,1077,30
20260301,MCH-001,Shift 1,PRD-004,480,466,1062,43
20260301,MCH-001,Shift 2,PRD-002,480,461,622,3
20260301,MCH-001,Shift 3,PRD-002,480,474,587,74
20260301,MCH-002,Shift 1,PRD-001,480,468,931,1
20260301,MCH-002,Shift 2,PRD-004,480,477,1046,37
20260301,MCH-002,Shift 3,PRD-002,480,461,644,16
20260301,MCH-003,Shift 1,PRD-002,480,422,524,14
20260301,MCH-003,Shift 2,PRD-003,480,467,1534,20
20260301,MCH-003,Shift 3,PRD-004,480,433,1065,35
20260301,MCH-004,Shift 1,PRD-002,480,465,590,4
20260301,MCH-004,Shift 2,PRD-004,480,445,1037,36
20260301,MCH-004,Shift 3,PRD-002,480,433,551,1
20260301,MCH-005,Shift 1,PRD-002,480,474,602,12
20260301,MCH-005,Shift 2,PRD-004,480,429,1017,17
20260301,MCH-005,Shift 3,PRD-001,480,459,809,13
20260302,MCH-001,Shift 1,PRD-001,480,477,943,2
20260302,MCH-001,Shift 2,PRD-003,480,464,1533,8
20260302,MCH-001,Shift 3,PRD-001,480,477,930,27
20260302,MCH-002,Shift 1,PRD-002,480,457,579,17
20260302,MCH-002,Shift 2,PRD-003,480,442,1429,6
20260302,MCH-002,Shift 3,PRD-004,480,478,1070,14
20260302,MCH-003,Shift 1,PRD-002,480,469,618,59
20260302,MCH-003,Shift 2,PRD-004,480,394,1003,12
20260302,MCH-003,Shift 3,PRD-002,480,470,565,4
20260302,MCH-004,Shift 1,PRD-003,480,425,1260,1
20260302,MCH-004,Shift 2,PRD-002,480,448,621,38
20260302,MCH-004,Shift 3,PRD-001,480,445,765,1
20260302,MCH-005,Shift 1,PRD-001,480,467,853,12
20260302,MCH-005,Shift 2,PRD-004,480,408,977,9
20260302,MCH-005,Shift 3,PRD-003,480,477,1467,173
20260303,MCH-001,Shift 1,PRD-003,480,475,1471,45
20260303,MCH-001,Shift 2,PRD-002,480,446,571,10
20260303,MCH-001,Shift 3,PRD-002,480,438,560,14
20260303,MCH-002,Shift 1,PRD-002,480,387,484,8
20260303,MCH-002,Shift 2,PRD-004,480,440,1109,10
20260303,MCH-002,Shift 3,PRD-001,480,446,845,110
20260303,MCH-003,Shift 1,PRD-003,480,425,1405,5
20260303,MCH-003,Shift 2,PRD-003,480,412,1379,7
20260303,MCH-003,Shift 3,PRD-004,480,450,1030,13
20260303,MCH-004,Shift 1,PRD-002,480,455,605,4
20260303,MCH-004,Shift 2,PRD-001,480,454,838,4
20260303,MCH-004,Shift 3,PRD-001,480,476,965,21
20260303,MCH-005,Shift 1,PRD-003,480,444,1384,172
20260303,MCH-005,Shift 2,PRD-004,480,376,835,5
20260303,MCH-005,Shift 3,PRD-003,480,460,1436,41
20260304,MCH-001,Shift 1,PRD-004,480,432,1025,4
20260304,MCH-001,Shift 2,PRD-004,480,471,1045,11
20260304,MCH-001,Shift 3,PRD-001,480,472,976,9
20260304,MCH-002,Shift 1,PRD-003,480,459,1443,51
20260304,MCH-002,Shift 2,PRD-001,480,436,868,74
20260304,MCH-002,Shift 3,PRD-002,480,400,509,14
20260304,MCH-003,Shift 1,PRD-003,480,433,1403,23
20260304,MCH-003,Shift 2,PRD-004,480,469,1046,1
20260304,MCH-003,Shift 3,PRD-004,480,477,1109,26
20260304,MCH-004,Shift 1,PRD-004,480,421,1075,31
20260304,MCH-004,Shift 2,PRD-002,480,479,601,4
20260304,MCH-004,Shift 3,PRD-003,480,462,1605,19
20260304,MCH-005,Shift 1,PRD-002,480,467,609,0
20260304,MCH-005,Shift 2,PRD-004,480,432,986,8
20260304,MCH-005,Shift 3,PRD-004,480,317,807,44
20260305,MCH-001,Shift 1,PRD-002,480,392,510,2
20260305,MCH-001,Shift 2,PRD-002,480,450,569,21
20260305,MCH-001,Shift 3,PRD-002,480,426,495,1
20260305,MCH-002,Shift 1,PRD-001,480,371,728,11
20260305,MCH-002,Shift 2,PRD-001,480,392,733,12
20260305,MCH-002,Shift 3,PRD-002,480,394,493,0
20260305,MCH-003,Shift 1,PRD-001,480,288,548,4
20260305,MCH-003,Shift 2,PRD-002,480,476,576,82
20260305,MCH-003,Shift 3,PRD-004,480,454,1038,4
20260305,MCH-004,Shift 1,PRD-002,480,446,577,4
20260305,MCH-004,Shift 2,PRD-002,480,477,592,24
20260305,MCH-004,Shift 3,PRD-003,480,451,1463,7
20260305,MCH-005,Shift 1,PRD-003,480,399,1234,11
20260305,MCH-005,Shift 2,PRD-001,480,443,856,0
20260305,MCH-005,Shift 3,PRD-002,480,145,184,14
20260306,MCH-001,Shift 1,PRD-004,480,478,1163,9
20260306,MCH-001,Shift 2,PRD-003,480,464,1549,46
20260306,MCH-001,Shift 3,PRD-004,480,479,1122,2
20260306,MCH-002,Shift 1,PRD-002,480,255,343,8
20260306,MCH-002,Shift 2,PRD-002,480,424,518,10
20260306,MCH-002,Shift 3,PRD-003,480,447,1434,15
20260306,MCH-003,Shift 1,PRD-001,480,466,900,9
20260306,MCH-003,Shift 2,PRD-001,480,445,827,4
20260306,MCH-003,Shift 3,PRD-003,480,454,1354,33
20260306,MCH-004,Shift 1,PRD-001,480,477,895,17
20260306,MCH-004,Shift 2,PRD-004,480,461,1202,150
20260306,MCH-004,Shift 3,PRD-001,480,455,862,8
20260306,MCH-005,Shift 1,PRD-003,480,465,1369,14
20260306,MCH-005,Shift 2,PRD-003,480,470,1549,21
20260306,MCH-005,Shift 3,PRD-002,480,469,621,14
20260307,MCH-001,Shift 1,PRD-002,480,467,620,25
20260307,MCH-001,Shift 2,PRD-001,480,479,887,22
20260307,MCH-001,Shift 3,PRD-003,480,472,1450,49
20260307,MCH-002,Shift 1,PRD-004,480,455,1111,74
20260307,MCH-002,Shift 2,PRD-001,480,448,782,23
20260307,MCH-002,Shift 3,PRD-004,480,463,1068,1
20260307,MCH-003,Shift 1,PRD-004,480,471,1155,4
20260307,MCH-003,Shift 2,PRD-001,480,389,746,29
20260307,MCH-003,Shift 3,PRD-003,480,448,1384,23
20260307,MCH-004,Shift 1,PRD-002,480,434,551,10
20260307,MCH-004,Shift 2,PRD-004,480,400,899,17
20260307,MCH-004,Shift 3,PRD-003,480,403,1333,22
20260307,MCH-005,Shift 1,PRD-002,480,469,598,4
20260307,MCH-005,Shift 2,PRD-001,480,473,894,1
20260307,MCH-005,Shift 3,PRD-001,480,478,921,13
20260308,MCH-001,Shift 1,PRD-002,480,459,563,13
20260308,MCH-001,Shift 2,PRD-001,480,461,886,26
20260308,MCH-001,Shift 3,PRD-004,480,473,1180,28
20260308,MCH-002,Shift 1,PRD-003,480,447,1482,159
20260308,MCH-002,Shift 2,PRD-002,480,472,577,0
20260308,MCH-002,Shift 3,PRD-001,480,478,931,9
20260308,MCH-003,Shift 1,PRD-004,480,464,1157,1
20260308,MCH-003,Shift 2,PRD-001,480,470,917,9
20260308,MCH-003,Shift 3,PRD-003,480,463,1425,43
20260308,MCH-004,Shift 1,PRD-004,480,446,1070,15
20260308,MCH-004,Shift 2,PRD-003,480,416,1264,7
20260308,MCH-004,Shift 3,PRD-002,480,401,507,0
20260308,MCH-005,Shift 1,PRD-001,480,243,468,53
20260308,MCH-005,Shift 2,PRD-002,480,445,573,5
20260308,MCH-005,Shift 3,PRD-003,480,462,1410,44
20260309,MCH-001,Shift 1,PRD-002,480,473,589,53
20260309,MCH-001,Shift 2,PRD-003,480,443,1421,7
20260309,MCH-001,Shift 3,PRD-001,480,454,793,9
20260309,MCH-002,Shift 1,PRD-002,480,475,597,62
20260309,MCH-002,Shift 2,PRD-004,480,475,1218,36
20260309,MCH-002,Shift 3,PRD-001,480,446,794,12
20260309,MCH-003,Shift 1,PRD-003,480,477,1542,37
20260309,MCH-003,Shift 2,PRD-003,480,467,1445,10
20260309,MCH-003,Shift 3,PRD-003,480,367,1153,1
20260309,MCH-004,Shift 1,PRD-004,480,468,1192,0
20260309,MCH-004,Shift 2,PRD-002,480,471,601,2
20260309,MCH-004,Shift 3,PRD-002,480,469,586,9
20260309,MCH-005,Shift 1,PRD-001,480,468,881,3
20260309,MCH-005,Shift 2,PRD-002,480,465,610,29
20260309,MCH-005,Shift 3,PRD-004,480,462,1022,51
20260310,MCH-001,Shift 1,PRD-002,480,449,592,12
20260310,MCH-001,Shift 2,PRD-003,480,470,1506,5
20260310,MCH-001,Shift 3,PRD-001,480,467,837,6
20260310,MCH-002,Shift 1,PRD-004,480,392,924,12
20260310,MCH-002,Shift 2,PRD-003,480,469,1559,37
20260310,MCH-002,Shift 3,PRD-001,480,468,865,19
20260310,MCH-003,Shift 1,PRD-004,480,444,1035,3
20260310,MCH-003,Shift 2,PRD-001,480,473,872,12
20260310,MCH-003,Shift 3,PRD-003,480,420,1233,9
20260310,MCH-004,Shift 1,PRD-004,480,442,1006,24
20260310,MCH-004,Shift 2,PRD-003,480,448,1418,0
20260310,MCH-004,Shift 3,PRD-004,480,407,993,1
20260310,MCH-005,Shift 1,PRD-004,480,428,931,23
20260310,MCH-005,Shift 2,PRD-002,480,474,573,17
20260310,MCH-005,Shift 3,PRD-001,480,464,843,20
20260311,MCH-001,Shift 1,PRD-004,480,479,1102,2
20260311,MCH-001,Shift 2,PRD-001,480,252,506,5
20260311,MCH-001,Shift 3,PRD-001,480,447,835,36
20260311,MCH-002,Shift 1,PRD-003,480,437,1261,2
20260311,MCH-002,Shift 2,PRD-002,480,425,548,6
20260311,MCH-002,Shift 3,PRD-002,480,477,550,8
20260311,MCH-003,Shift 1,PRD-004,480,433,1003,133
20260311,MCH-003,Shift 2,PRD-003,480,442,1484,10
20260311,MCH-003,Shift 3,PRD-003,480,479,1498,2
20260311,MCH-004,Shift 1,PRD-003,480,447,1414,3
20260311,MCH-004,Shift 2,PRD-001,480,468,897,42
20260311,MCH-004,Shift 3,PRD-002,480,479,609,34
20260311,MCH-005,Shift 1,PRD-003,480,409,1333,40
20260311,MCH-005,Shift 2,PRD-003,480,403,1215,2
20260311,MCH-005,Shift 3,PRD-002,480,450,566,6
20260312,MCH-001,Shift 1,PRD-002,480,453,613,1
20260312,MCH-001,Shift 2,PRD-001,480,437,874,21
20260312,MCH-001,Shift 3,PRD-002,480,422,500,1
20260312,MCH-002,Shift 1,PRD-002,480,434,581,11
20260312,MCH-002,Shift 2,PRD-002,480,410,507,0
20260312,MCH-002,Shift 3,PRD-003,480,223,702,11
20260312,MCH-003,Shift 1,PRD-004,480,400,927,11
20260312,MCH-003,Shift 2,PRD-001,480,478,842,6
20260312,MCH-003,Shift 3,PRD-003,480,467,1425,1
20260312,MCH-004,Shift 1,PRD-002,480,455,567,4
20260312,MCH-004,Shift 2,PRD-004,480,445,1071,19
20260312,MCH-004,Shift 3,PRD-003,480,358,1234,9
20260312,MCH-005,Shift 1,PRD-004,480,477,1144,12
20260312,MCH-005,Shift 2,PRD-004,480,227,509,6
20260312,MCH-005,Shift 3,PRD-001,480,398,746,14
20260313,MCH-001,Shift 1,PRD-004,480,471,1110,7
20260313,MCH-001,Shift 2,PRD-004,480,449,1056,20
20260313,MCH-001,Shift 3,PRD-001,480,479,895,7
20260313,MCH-002,Shift 1,PRD-001,480,351,691,9
20260313,MCH-002,Shift 2,PRD-002,480,432,546,9
20260313,MCH-002,Shift 3,PRD-001,480,467,924,5
20260313,MCH-003,Shift 1,PRD-004,480,440,1086,6
20260313,MCH-003,Shift 2,PRD-003,480,463,1537,176
20260313,MCH-003,Shift 3,PRD-004,480,304,712,8
20260313,MCH-004,Shift 1,PRD-001,480,474,859,85
20260313,MCH-004,Shift 2,PRD-004,480,452,1130,9
20260313,MCH-004,Shift 3,PRD-003,480,458,1380,78
20260313,MCH-005,Shift 1,PRD-002,480,418,555,4
20260313,MCH-005,Shift 2,PRD-001,480,428,771,4
20260313,MCH-005,Shift 3,PRD-001,480,476,912,35
20260314,MCH-001,Shift 1,PRD-002,480,434,520,52
20260314,MCH-001,Shift 2,PRD-003,480,146,478,2
20260314,MCH-001,Shift 3,PRD-004,480,440,1001,93
20260314,MCH-002,Shift 1,PRD-003,480,398,1207,9
20260314,MCH-002,Shift 2,PRD-002,480,479,581,0
20260314,MCH-002,Shift 3,PRD-001,480,465,902,3
20260314,MCH-003,Shift 1,PRD-004,480,463,1154,30
20260314,MCH-003,Shift 2,PRD-004,480,476,1056,29
20260314,MCH-003,Shift 3,PRD-003,480,440,1400,4
20260314,MCH-004,Shift 1,PRD-004,480,420,970,4
20260314,MCH-004,Shift 2,PRD-001,480,479,858,11
20260314,MCH-004,Shift 3,PRD-002,480,472,637,2
20260314,MCH-005,Shift 1,PRD-002,480,478,600,16
20260314,MCH-005,Shift 2,PRD-002,480,459,577,8
20260314,MCH-005,Shift 3,PRD-002,480,464,591,14
20260315,MCH-001,Shift 1,PRD-002,480,462,556,30
20260315,MCH-001,Shift 2,PRD-003,480,474,1554,12
20260315,MCH-001,Shift 3,PRD-003,480,479,1532,77
20260315,MCH-002,Shift 1,PRD-004,480,461,1104,21
20260315,MCH-002,Shift 2,PRD-003,480,431,1397,21
20260315,MCH-002,Shift 3,PRD-003,480,453,1473,33
20260315,MCH-003,Shift 1,PRD-001,480,478,963,7
20260315,MCH-003,Shift 2,PRD-004,480,392,1024,51
20260315,MCH-003,Shift 3,PRD-001,480,475,954,99
20260315,MCH-004,Shift 1,PRD-002,480,472,582,4
20260315,MCH-004,Shift 2,PRD-003,480,477,1556,33
20260315,MCH-004,Shift 3,PRD-002,480,446,561,7
20260315,MCH-005,Shift 1,PRD-003,480,462,1470,162
20260315,MCH-005,Shift 2,PRD-003,480,441,1347,50
20260315,MCH-005,Shift 3,PRD-001,480,476,926,19
20260316,MCH-001,Shift 1,PRD-003,480,459,1449,45
20260316,MCH-001,Shift 2,PRD-003,480,436,1383,12
20260316,MCH-001,Shift 3,PRD-003,480,439,1416,6
20260316,MCH-002,Shift 1,PRD-002,480,166,200,13
20260316,MCH-002,Shift 2,PRD-003,480,308,1018,2
20260316,MCH-002,Shift 3,PRD-004,480,477,1110,10
20260316,MCH-003,Shift 1,PRD-003,480,436,1458,22
20260316,MCH-003,Shift 2,PRD-002,480,457,594,78
20260316,MCH-003,Shift 3,PRD-003,480,450,1462,53
20260316,MCH-004,Shift 1,PRD-004,480,466,1162,65
20260316,MCH-004,Shift 2,PRD-002,480,452,619,5
20260316,MCH-004,Shift 3,PRD-004,480,477,1052,2
20260316,MCH-005,Shift 1,PRD-001,480,473,917,6
20260316,MCH-005,Shift 2,PRD-003,480,457,1386,7
20260316,MCH-005,Shift 3,PRD-003,480,471,1512,15
20260317,MCH-001,Shift 1,PRD-001,480,429,728,9
20260317,MCH-001,Shift 2,PRD-003,480,447,1500,120
20260317,MCH-001,Shift 3,PRD-002,480,446,539,9
20260317,MCH-002,Shift 1,PRD-001,480,450,896,24
20260317,MCH-002,Shift 2,PRD-001,480,474,917,88
20260317,MCH-002,Shift 3,PRD-003,480,472,1559,28
20260317,MCH-003,Shift 1,PRD-001,480,462,891,32
20260317,MCH-003,Shift 2,PRD-002,480,474,615,82
20260317,MCH-003,Shift 3,PRD-002,480,476,580,12
20260317,MCH-004,Shift 1,PRD-004,480,478,1160,70
20260317,MCH-004,Shift 2,PRD-004,480,406,983,78
20260317,MCH-004,Shift 3,PRD-001,480,478,882,99
20260317,MCH-005,Shift 1,PRD-002,480,466,598,1
20260317,MCH-005,Shift 2,PRD-001,480,455,911,18
20260317,MCH-005,Shift 3,PRD-001,480,449,828,15
20260318,MCH-001,Shift 1,PRD-004,480,475,1132,31
20260318,MCH-001,Shift 2,PRD-001,480,479,895,1
20260318,MCH-001,Shift 3,PRD-002,480,422,548,3
20260318,MCH-002,Shift 1,PRD-001,480,451,892,31
20260318,MCH-002,Shift 2,PRD-004,480,174,417,14
20260318,MCH-002,Shift 3,PRD-004,480,476,1109,34
20260318,MCH-003,Shift 1,PRD-001,480,411,718,38
20260318,MCH-003,Shift 2,PRD-001,480,466,912,13
20260318,MCH-003,Shift 3,PRD-003,480,455,1408,7
20260318,MCH-004,Shift 1,PRD-003,480,462,1485,26
20260318,MCH-004,Shift 2,PRD-003,480,327,1077,5
20260318,MCH-004,Shift 3,PRD-004,480,449,1047,3
20260318,MCH-005,Shift 1,PRD-002,480,414,468,48
20260318,MCH-005,Shift 2,PRD-002,480,411,550,6
20260318,MCH-005,Shift 3,PRD-003,480,421,1293,0
20260319,MCH-001,Shift 1,PRD-001,480,452,844,3
20260319,MCH-001,Shift 2,PRD-002,480,467,570,1
20260319,MCH-001,Shift 3,PRD-003,480,464,1506,48
20260319,MCH-002,Shift 1,PRD-001,480,431,849,7
20260319,MCH-002,Shift 2,PRD-004,480,468,1205,2
20260319,MCH-002,Shift 3,PRD-001,480,457,859,62
20260319,MCH-003,Shift 1,PRD-001,480,474,841,1
20260319,MCH-003,Shift 2,PRD-002,480,466,608,69
20260319,MCH-003,Shift 3,PRD-002,480,478,569,8
20260319,MCH-004,Shift 1,PRD-004,480,437,984,37
20260319,MCH-004,Shift 2,PRD-003,480,460,1483,60
20260319,MCH-004,Shift 3,PRD-004,480,401,972,44
20260319,MCH-005,Shift 1,PRD-001,480,432,855,21
20260319,MCH-005,Shift 2,PRD-001,480,476,893,12
20260319,MCH-005,Shift 3,PRD-004,480,338,815,23
20260320,MCH-001,Shift 1,PRD-001,480,478,918,41
20260320,MCH-001,Shift 2,PRD-001,480,445,837,14
20260320,MCH-001,Shift 3,PRD-002,480,472,564,13
20260320,MCH-002,Shift 1,PRD-001,480,475,887,27
20260320,MCH-002,Shift 2,PRD-003,480,456,1495,6
20260320,MCH-002,Shift 3,PRD-002,480,460,576,24
20260320,MCH-003,Shift 1,PRD-002,480,401,483,7
20260320,MCH-003,Shift 2,PRD-003,480,446,1412,37
20260320,MCH-003,Shift 3,PRD-003,480,465,1436,23
20260320,MCH-004,Shift 1,PRD-002,480,424,509,7
20260320,MCH-004,Shift 2,PRD-003,480,465,1484,113
20260320,MCH-004,Shift 3,PRD-003,480,453,1472,16
20260320,MCH-005,Shift 1,PRD-001,480,469,846,9
20260320,MCH-005,Shift 2,PRD-003,480,468,1447,10
20260320,MCH-005,Shift 3,PRD-004,480,463,1116,61
20260321,MCH-001,Shift 1,PRD-002,480,452,576,10
20260321,MCH-001,Shift 2,PRD-002,480,473,643,1
20260321,MCH-001,Shift 3,PRD-004,480,466,1062,27
20260321,MCH-002,Shift 1,PRD-001,480,456,826,102
20260321,MCH-002,Shift 2,PRD-003,480,463,1453,158
20260321,MCH-002,Shift 3,PRD-004,480,463,1092,27
20260321,MCH-003,Shift 1,PRD-004,480,468,1039,5
20260321,MCH-003,Shift 2,PRD-004,480,465,1123,18
20260321,MCH-003,Shift 3,PRD-003,480,407,1246,1
20260321,MCH-004,Shift 1,PRD-001,480,460,882,7
20260321,MCH-004,Shift 2,PRD-002,480,479,618,15
20260321,MCH-004,Shift 3,PRD-001,480,468,854,81
20260321,MCH-005,Shift 1,PRD-004,480,478,1147,171
20260321,MCH-005,Shift 2,PRD-003,480,471,1537,20
20260321,MCH-005,Shift 3,PRD-004,480,476,1171,27
20260322,MCH-001,Shift 1,PRD-004,480,461,1139,41
20260322,MCH-001,Shift 2,PRD-003,480,402,1315,20
20260322,MCH-001,Shift 3,PRD-001,480,462,831,1
20260322,MCH-002,Shift 1,PRD-002,480,472,604,13
20260322,MCH-002,Shift 2,PRD-002,480,476,557,16
20260322,MCH-002,Shift 3,PRD-001,480,463,813,23
20260322,MCH-003,Shift 1,PRD-003,480,475,1586,62
20260322,MCH-003,Shift 2,PRD-002,480,463,561,60
20260322,MCH-003,Shift 3,PRD-004,480,474,1172,94
20260322,MCH-004,Shift 1,PRD-004,480,431,1010,14
20260322,MCH-004,Shift 2,PRD-003,480,401,1239,61
20260322,MCH-004,Shift 3,PRD-003,480,409,1256,10
20260322,MCH-005,Shift 1,PRD-002,480,405,503,22
20260322,MCH-005,Shift 2,PRD-001,480,446,870,23
20260322,MCH-005,Shift 3,PRD-001,480,475,940,125
20260323,MCH-001,Shift 1,PRD-003,480,460,1467,24
20260323,MCH-001,Shift 2,PRD-001,480,477,862,0
20260323,MCH-001,Shift 3,PRD-001,480,469,907,4
20260323,MCH-002,Shift 1,PRD-002,480,366,493,7
20260323,MCH-002,Shift 2,PRD-004,480,478,1161,40
20260323,MCH-002,Shift 3,PRD-004,480,444,953,54
20260323,MCH-003,Shift 1,PRD-003,480,442,1318,5
20260323,MCH-003,Shift 2,PRD-003,480,470,1485,35
20260323,MCH-003,Shift 3,PRD-002,480,414,503,6
20260323,MCH-004,Shift 1,PRD-003,480,461,1511,24
20260323,MCH-004,Shift 2,PRD-003,480,464,1439,15
20260323,MCH-004,Shift 3,PRD-002,480,471,574,11
20260323,MCH-005,Shift 1,PRD-004,480,467,1057,6
20260323,MCH-005,Shift 2,PRD-003,480,400,1297,16
20260323,MCH-005,Shift 3,PRD-002,480,453,539,6
20260324,MCH-001,Shift 1,PRD-002,480,372,501,18
20260324,MCH-001,Shift 2,PRD-003,480,388,1274,4
20260324,MCH-001,Shift 3,PRD-002,480,443,557,15
20260324,MCH-002,Shift 1,PRD-001,480,385,796,62
20260324,MCH-002,Shift 2,PRD-003,480,473,1532,27
20260324,MCH-002,Shift 3,PRD-004,480,476,1133,1
20260324,MCH-003,Shift 1,PRD-003,480,442,1436,0
20260324,MCH-003,Shift 2,PRD-004,480,454,1141,1
20260324,MCH-003,Shift 3,PRD-001,480,450,817,25
20260324,MCH-004,Shift 1,PRD-001,480,471,887,74
20260324,MCH-004,Shift 2,PRD-002,480,476,614,33
20260324,MCH-004,Shift 3,PRD-001,480,437,865,1
20260324,MCH-005,Shift 1,PRD-001,480,467,874,15
20260324,MCH-005,Shift 2,PRD-002,480,441,538,0
20260324,MCH-005,Shift 3,PRD-002,480,471,607,13
20260325,MCH-001,Shift 1,PRD-003,480,442,1433,34
20260325,MCH-001,Shift 2,PRD-003,480,456,1347,3
20260325,MCH-001,Shift 3,PRD-001,480,478,837,40
20260325,MCH-002,Shift 1,PRD-004,480,470,1103,3
20260325,MCH-002,Shift 2,PRD-004,480,478,1110,4
20260325,MCH-002,Shift 3,PRD-002,480,428,545,11
20260325,MCH-003,Shift 1,PRD-002,480,436,553,14
20260325,MCH-003,Shift 2,PRD-003,480,476,1408,89
20260325,MCH-003,Shift 3,PRD-003,480,467,1354,11
20260325,MCH-004,Shift 1,PRD-003,480,210,663,12
20260325,MCH-004,Shift 2,PRD-002,480,452,575,9
20260325,MCH-004,Shift 3,PRD-002,480,471,568,2
20260325,MCH-005,Shift 1,PRD-001,480,475,846,23
20260325,MCH-005,Shift 2,PRD-004,480,464,1098,7
20260325,MCH-005,Shift 3,PRD-001,480,478,944,15
20260326,MCH-001,Shift 1,PRD-002,480,420,516,8
20260326,MCH-001,Shift 2,PRD-001,480,475,900,40
20260326,MCH-001,Shift 3,PRD-003,480,468,1556,12
20260326,MCH-002,Shift 1,PRD-001,480,450,836,16
20260326,MCH-002,Shift 2,PRD-003,480,477,1535,17
20260326,MCH-002,Shift 3,PRD-001,480,466,902,4
20260326,MCH-003,Shift 1,PRD-003,480,468,1415,6
20260326,MCH-003,Shift 2,PRD-004,480,405,919,6
20260326,MCH-003,Shift 3,PRD-001,480,462,876,37
20260326,MCH-004,Shift 1,PRD-003,480,435,1371,124
20260326,MCH-004,Shift 2,PRD-004,480,465,1156,21
20260326,MCH-004,Shift 3,PRD-002,480,453,586,5
20260326,MCH-005,Shift 1,PRD-002,480,402,497,22
20260326,MCH-005,Shift 2,PRD-004,480,470,1104,16
20260326,MCH-005,Shift 3,PRD-003,480,476,1475,2
20260327,MCH-001,Shift 1,PRD-001,480,452,856,1
20260327,MCH-001,Shift 2,PRD-001,480,447,889,3
20260327,MCH-001,Shift 3,PRD-001,480,464,911,15
20260327,MCH-002,Shift 1,PRD-003,480,472,1455,42
20260327,MCH-002,Shift 2,PRD-003,480,461,1406,44
20260327,MCH-002,Shift 3,PRD-001,480,444,883,27
20260327,MCH-003,Shift 1,PRD-002,480,475,618,14
20260327,MCH-003,Shift 2,PRD-003,480,412,1371,47
20260327,MCH-003,Shift 3,PRD-001,480,353,669,6
20260327,MCH-004,Shift 1,PRD-003,480,454,1510,138
20260327,MCH-004,Shift 2,PRD-003,480,428,1328,8
20260327,MCH-004,Shift 3,PRD-001,480,467,869,7
20260327,MCH-005,Shift 1,PRD-001,480,449,828,29
20260327,MCH-005,Shift 2,PRD-004,480,472,1091,16
20260327,MCH-005,Shift 3,PRD-001,480,443,802,7
20260328,MCH-001,Shift 1,PRD-001,480,464,830,13
20260328,MCH-001,Shift 2,PRD-002,480,342,437,19
20260328,MCH-001,Shift 3,PRD-003,480,221,717,15
20260328,MCH-002,Shift 1,PRD-001,480,460,883,6
20260328,MCH-002,Shift 2,PRD-003,480,390,1298,161
20260328,MCH-002,Shift 3,PRD-002,480,467,610,23
20260328,MCH-003,Shift 1,PRD-001,480,477,935,2
20260328,MCH-003,Shift 2,PRD-002,480,427,523,15
20260328,MCH-003,Shift 3,PRD-004,480,459,1082,83
20260328,MCH-004,Shift 1,PRD-004,480,435,1065,3
20260328,MCH-004,Shift 2,PRD-002,480,385,504,0
20260328,MCH-004,Shift 3,PRD-003,480,464,1460,96
20260328,MCH-005,Shift 1,PRD-004,480,417,1011,5
20260328,MCH-005,Shift 2,PRD-003,480,476,1516,168
20260328,MCH-005,Shift 3,PRD-003,480,454,1476,1
20260329,MCH-001,Shift 1,PRD-004,480,445,1051,18
20260329,MCH-001,Shift 2,PRD-001,480,463,836,7
20260329,MCH-001,Shift 3,PRD-001,480,479,982,9
20260329,MCH-002,Shift 1,PRD-003,480,472,1672,2
20260329,MCH-002,Shift 2,PRD-001,480,452,840,46
20260329,MCH-002,Shift 3,PRD-003,480,470,1412,26
20260329,MCH-003,Shift 1,PRD-003,480,407,1230,32
20260329,MCH-003,Shift 2,PRD-003,480,434,1416,61
20260329,MCH-003,Shift 3,PRD-001,480,427,790,4
20260329,MCH-004,Shift 1,PRD-004,480,458,1125,46
20260329,MCH-004,Shift 2,PRD-002,480,421,553,12
20260329,MCH-004,Shift 3,PRD-002,480,460,573,14
20260329,MCH-005,Shift 1,PRD-003,480,433,1295,1
20260329,MCH-005,Shift 2,PRD-004,480,422,1029,8
20260329,MCH-005,Shift 3,PRD-003,480,432,1405,8
20260330,MCH-001,Shift 1,PRD-001,480,427,768,19
20260330,MCH-001,Shift 2,PRD-002,480,475,614,76
20260330,MCH-001,Shift 3,PRD-002,480,464,584,21
20260330,MCH-002,Shift 1,PRD-004,480,470,1132,36
20260330,MCH-002,Shift 2,PRD-001,480,475,872,57
20260330,MCH-002,Shift 3,PRD-002,480,441,530,10
20260330,MCH-003,Shift 1,PRD-001,480,474,903,38
20260330,MCH-003,Shift 2,PRD-001,480,451,844,22
20260330,MCH-003,Shift 3,PRD-001,480,446,815,2
20260330,MCH-004,Shift 1,PRD-003,480,183,568,3
20260330,MCH-004,Shift 2,PRD-002,480,478,586,1
20260330,MCH-004,Shift 3,PRD-004,480,308,769,12
20260330,MCH-005,Shift 1,PRD-003,480,432,1403,3
20260330,MCH-005,Shift 2,PRD-003,480,303,914,1
20260330,MCH-005,Shift 3,PRD-003,480,470,1516,8
20260331,MCH-001,Shift 1,PRD-001,480,476,876,21
20260331,MCH-001,Shift 2,PRD-001,480,477,874,10
20260331,MCH-001,Shift 3,PRD-004,480,417,1028,35
20260331,MCH-002,Shift 1,PRD-001,480,464,873,34
20260331,MCH-002,Shift 2,PRD-003,480,476,1484,17
20260331,MCH-002,Shift 3,PRD-002,480,465,545,80
20260331,MCH-003,Shift 1,PRD-003,480,428,1501,6
20260331,MCH-003,Shift 2,PRD-003,480,457,1371,20
20260331,MCH-003,Shift 3,PRD-002,480,473,590,9
20260331,MCH-004,Shift 1,PRD-001,480,460,926,4
20260331,MCH-004,Shift 2,PRD-001,480,449,869,53
20260331,MCH-004,Shift 3,PRD-004,480,415,976,17
20260331,MCH-005,Shift 1,PRD-003,480,453,1422,6
20260331,MCH-005,Shift 2,PRD-003,480,432,1399,119
20260331,MCH-005,Shift 3,PRD-001,480,445,842,5
